fable-1-rev	1000	1000	0	5
fable-1-rev	10000	10000	0	174
fable-1-rev	100000		124	20006
fable-2-max	1000	999	0	6
fable-2-max	10000	9999	0	6
fable-2-max	100000	99999	0	8
fable-2-max	1000000	999999	0	43
fable-3-rle	1000	334	0	5
fable-3-rle	10000	3334	0	5
fable-3-rle	100000	33334	0	8
fable-3-rle	1000000	333334	0	44
fable-4-msort	1000	1000	0	8
fable-4-msort	10000	10000	0	14
fable-4-msort	100000	100000	0	105
fable-4-msort	1000000	1000000	0	1994
opus-1-rev	1000	1000	0	4
opus-1-rev	10000	10000	0	4
opus-1-rev	100000	100000	0	6
opus-1-rev	1000000	1000000	0	34
opus-2-max	1000	999	0	4
opus-2-max	10000	9999	0	5
opus-2-max	100000	99999	0	8
opus-2-max	1000000	999999	0	31
opus-3-rle	1000	334	0	5
opus-3-rle	10000	3334	0	10
opus-3-rle	100000	33334	0	472
opus-3-rle	1000000		124	20006
opus-4-msort	1000	1000	0	5
opus-4-msort	10000	10000	0	8
opus-4-msort	100000	100000	0	49
opus-4-msort	1000000	1000000	0	1120
sonnet-1-rev	1000	1000	0	5
sonnet-1-rev	10000	10000	0	186
sonnet-1-rev	100000		124	20004
sonnet-2-max	1000	999	0	3
sonnet-2-max	10000	9999	0	3
sonnet-2-max	100000	99999	0	6
sonnet-2-max	1000000	999999	0	30
sonnet-3-rle	1000	334	0	4
sonnet-3-rle	10000	3334	0	6
sonnet-3-rle	100000	33334	0	7
sonnet-3-rle	1000000	333334	0	43
sonnet-4-msort	1000		124	20004
