回	モデル	題	実行時間（ミリ秒）	ツール呼び出し	トークン
t1	haiku	1-rev	496000	44	141664
t1	haiku	2-max	633000	60	135717
t1	haiku	3-rle	474000	57	129404
t1	haiku	4-msort	610000	66	144532
t1	sonnet	1-rev	112000	16	104789
t1	sonnet	2-max	94000	13	105543
t1	sonnet	3-rle	124000	14	109136
t1	sonnet	4-msort	447000	26	151707
t1	opus	1-rev	83000	10	102951
t1	opus	2-max	105000	11	102809
t1	opus	3-rle	142000	12	112299
t1	opus	4-msort	396000	23	144780
t1	fable	1-rev	159000	13	103455
t1	fable	2-max	190000	11	108984
t1	fable	3-rle	218000	16	118893
t1	fable	4-msort	638000	18	154237
t2	sonnet	1-rev	51492	10	93898
t2	sonnet	2-max	106725	16	109614
t2	opus	1-rev	111468	13	105906
t2	sonnet	3-rle	124273	16	106069
t2	opus	2-max	125455	11	110810
t2	opus	3-rle	159470	12	116715
t2	fable	1-rev	174251	13	106839
t2	fable	2-max	236126	17	122317
t2	fable	3-rle	256114	18	125209
t2	sonnet	4-msort	286739	24	131243
t2	opus	4-msort	394362	22	148304
t2	haiku	1-rev	502077	36	136099
t2	haiku	4-msort	510487	58	134273
t2	haiku	2-max	542733	66	136903
t2	haiku	3-rle	576270	64	143855
t2	fable	4-msort	928478	31	192348
