条件	読み出し	k	合計	ミリ秒
cpu1	sum	1	264859992	1037
cpu12	sum	1	264859992	126
gpu	sum	1	264859992	2076
cpu1	sum	11	118964864	6379
cpu12	sum	11	118964864	739
gpu	sum	11	118964864	3589
cpu1	drop	1	0	1060
cpu12	drop	1	0	142
gpu	drop	1	0	2062
cpu1	drop	11	0	6382
cpu12	drop	11	0	755
gpu	drop	11	0	3653
cpu1	sum	1	264859992	1035
cpu12	sum	1	264859992	129
gpu	sum	1	264859992	2093
cpu1	sum	11	118964864	6389
cpu12	sum	11	118964864	737
gpu	sum	11	118964864	3625
cpu1	drop	1	0	1038
cpu12	drop	1	0	136
gpu	drop	1	0	2075
cpu1	drop	11	0	6410
cpu12	drop	11	0	853
gpu	drop	11	0	3606
